{
  "display": {
    "gui": {
      "rotation": [
        30,
        225,
        0
      ],
      "translation": [
        0,
        0,
        0
      ],
      "scale": [
        0.625,
        0.625,
        0.625
      ]
    },
    "ground": {
      "rotation": [
        0,
        0,
        0
      ],
      "translation": [
        0,
        3,
        0
      ],
      "scale": [
        0.25,
        0.25,
        0.25
      ]
    },
    "fixed": {
      "rotation": [
        0,
        0,
        0
      ],
      "translation": [
        0,
        0,
        0
      ],
      "scale": [
        0.5,
        0.5,
        0.5
      ]
    },
    "thirdperson_righthand": {
      "rotation": [
        75,
        45,
        0
      ],
      "translation": [
        0,
        2.5,
        0
      ],
      "scale": [
        0.375,
        0.375,
        0.375
      ]
    },
    "firstperson_righthand": {
      "rotation": [
        0,
        45,
        0
      ],
      "translation": [
        0,
        0,
        0
      ],
      "scale": [
        0.40,
        0.40,
        0.40
      ]
    },
    "firstperson_lefthand": {
      "rotation": [
        0,
        225,
        0
      ],
      "translation": [
        0,
        0,
        0
      ],
      "scale": [
        0.40,
        0.40,
        0.40
      ]
    }
  },
  "elements": [
    {
      "from": [
        0,
        0,
        6
      ],
      "to": [
        16,
        6,
        10
      ],
      "faces": {
        "north": {
          "uv": [
            5,
            0,
            11,
            16
          ],
          "rotation": 90,
          "texture": "#side"
        },
        "east": {
          "uv": [
            10,
            5,
            6,
            11
          ],
          "texture": "#end"
        },
        "south": {
          "uv": [
            5,
            0,
            11,
            16
          ],
          "rotation": 90,
          "texture": "#side"
        },
        "west": {
          "uv": [
            6,
            5,
            10,
            11
          ],
          "texture": "#end"
        },
        "up": {
          "uv": [
            6,
            0,
            10,
            16
          ],
          "rotation": 90,
          "texture": "#side"
        },
        "down": {
          "uv": [
            10,
            0,
            6,
            16
          ],
          "rotation": 90,
          "texture": "#side"
        }
      }
    },
    {
      "from": [
        0,
        1,
        5
      ],
      "to": [
        16,
        5,
        6
      ],
      "rotation": {
        "angle": 0,
        "axis": "y",
        "origin": [
          8,
          8,
          4
        ]
      },
      "faces": {
        "north": {
          "uv": [
            6,
            0,
            10,
            16
          ],
          "rotation": 90,
          "texture": "#side"
        },
        "east": {
          "uv": [
            6,
            6,
            5,
            10
          ],
          "texture": "#end"
        },
        "south": {
          "uv": [
            6,
            0,
            10,
            16
          ],
          "rotation": 90,
          "texture": "#side"
        },
        "west": {
          "uv": [
            5,
            6,
            6,
            10
          ],
          "texture": "#end"
        },
        "up": {
          "uv": [
            5,
            0,
            6,
            16
          ],
          "rotation": 90,
          "texture": "#side"
        },
        "down": {
          "uv": [
            6,
            0,
            5,
            16
          ],
          "rotation": 90,
          "texture": "#side"
        }
      }
    },
    {
      "from": [
        0,
        1,
        10
      ],
      "to": [
        16,
        5,
        11
      ],
      "rotation": {
        "angle": 0,
        "axis": "y",
        "origin": [
          8,
          8,
          9
        ]
      },
      "faces": {
        "north": {
          "uv": [
            6,
            0,
            10,
            16
          ],
          "rotation": 90,
          "texture": "#side"
        },
        "east": {
          "uv": [
            11,
            6,
            10,
            10
          ],
          "texture": "#end"
        },
        "south": {
          "uv": [
            6,
            0,
            10,
            16
          ],
          "rotation": 90,
          "texture": "#side"
        },
        "west": {
          "uv": [
            10,
            6,
            11,
            10
          ],
          "texture": "#end"
        },
        "up": {
          "uv": [
            10,
            0,
            11,
            16
          ],
          "rotation": 90,
          "texture": "#side"
        },
        "down": {
          "uv": [
            11,
            0,
            10,
            16
          ],
          "rotation": 90,
          "texture": "#side"
        }
      }
    },
    {
      "from": [
        1,
        2,
        12
      ],
      "to": [
        2,
        3,
        13
      ],
      "rotation": {
        "angle": 0,
        "axis": "y",
        "origin": [
          9,
          8,
          10
        ]
      },
      "faces": {
        "north": {
          "uv": [
            14,
            13,
            15,
            14
          ],
          "texture": "#side"
        },
        "east": {
          "uv": [
            3,
            13,
            4,
            14
          ],
          "texture": "#side"
        },
        "south": {
          "uv": [
            7,
            8,
            8,
            9
          ],
          "texture": "#end"
        },
        "west": {
          "uv": [
            12,
            13,
            13,
            14
          ],
          "texture": "#side"
        },
        "up": {
          "uv": [
            1,
            12,
            2,
            13
          ],
          "texture": "#side"
        },
        "down": {
          "uv": [
            1,
            3,
            2,
            4
          ],
          "texture": "#side"
        }
      }
    },
    {
      "from": [
        7,
        2,
        3
      ],
      "to": [
        8,
        3,
        4
      ],
      "rotation": {
        "angle": 0,
        "axis": "y",
        "origin": [
          15,
          8,
          1
        ]
      },
      "faces": {
        "north": {
          "uv": [
            8,
            8,
            9,
            9
          ],
          "texture": "#end"
        },
        "east": {
          "uv": [
            12,
            13,
            13,
            14
          ],
          "texture": "#side"
        },
        "south": {
          "uv": [
            7,
            13,
            8,
            14
          ],
          "texture": "#side"
        },
        "west": {
          "uv": [
            3,
            13,
            4,
            14
          ],
          "texture": "#side"
        },
        "up": {
          "uv": [
            7,
            3,
            8,
            4
          ],
          "texture": "#side"
        },
        "down": {
          "uv": [
            7,
            12,
            8,
            13
          ],
          "texture": "#side"
        }
      }
    },
    {
      "from": [
        13,
        7,
        8
      ],
      "to": [
        14,
        8,
        9
      ],
      "rotation": {
        "angle": 0,
        "axis": "y",
        "origin": [
          21,
          8,
          6
        ]
      },
      "faces": {
        "north": {
          "uv": [
            2,
            8,
            3,
            9
          ],
          "texture": "#side"
        },
        "east": {
          "uv": [
            7,
            8,
            8,
            9
          ],
          "texture": "#side"
        },
        "south": {
          "uv": [
            13,
            8,
            14,
            9
          ],
          "texture": "#side"
        },
        "west": {
          "uv": [
            8,
            8,
            9,
            9
          ],
          "texture": "#side"
        },
        "up": {
          "uv": [
            8,
            7,
            9,
            8
          ],
          "texture": "#end"
        },
        "down": {
          "uv": [
            13,
            7,
            14,
            8
          ],
          "texture": "#side"
        }
      }
    },
    {
      "from": [
        2,
        3,
        12
      ],
      "to": [
        3,
        4,
        13
      ],
      "rotation": {
        "angle": 0,
        "axis": "y",
        "origin": [
          10,
          8,
          10
        ]
      },
      "faces": {
        "north": {
          "uv": [
            13,
            12,
            14,
            13
          ],
          "texture": "#side"
        },
        "east": {
          "uv": [
            3,
            12,
            4,
            13
          ],
          "texture": "#side"
        },
        "south": {
          "uv": [
            8,
            7,
            9,
            8
          ],
          "texture": "#end"
        },
        "west": {
          "uv": [
            12,
            12,
            13,
            13
          ],
          "texture": "#side"
        },
        "up": {
          "uv": [
            2,
            12,
            3,
            13
          ],
          "texture": "#side"
        },
        "down": {
          "uv": [
            2,
            3,
            3,
            4
          ],
          "texture": "#side"
        }
      }
    },
    {
      "from": [
        8,
        3,
        3
      ],
      "to": [
        9,
        4,
        4
      ],
      "rotation": {
        "angle": 0,
        "axis": "y",
        "origin": [
          16,
          8,
          1
        ]
      },
      "faces": {
        "north": {
          "uv": [
            7,
            7,
            8,
            8
          ],
          "texture": "#end"
        },
        "east": {
          "uv": [
            12,
            12,
            13,
            13
          ],
          "texture": "#side"
        },
        "south": {
          "uv": [
            8,
            12,
            9,
            13
          ],
          "texture": "#side"
        },
        "west": {
          "uv": [
            3,
            12,
            4,
            13
          ],
          "texture": "#side"
        },
        "up": {
          "uv": [
            8,
            3,
            9,
            4
          ],
          "texture": "#side"
        },
        "down": {
          "uv": [
            8,
            12,
            9,
            13
          ],
          "texture": "#side"
        }
      }
    },
    {
      "from": [
        14,
        7,
        7
      ],
      "to": [
        15,
        8,
        8
      ],
      "rotation": {
        "angle": 0,
        "axis": "y",
        "origin": [
          22,
          8,
          5
        ]
      },
      "faces": {
        "north": {
          "uv": [
            1,
            8,
            2,
            9
          ],
          "texture": "#side"
        },
        "east": {
          "uv": [
            8,
            8,
            9,
            9
          ],
          "texture": "#side"
        },
        "south": {
          "uv": [
            14,
            8,
            15,
            9
          ],
          "texture": "#side"
        },
        "west": {
          "uv": [
            7,
            8,
            8,
            9
          ],
          "texture": "#side"
        },
        "up": {
          "uv": [
            7,
            8,
            8,
            9
          ],
          "texture": "#end"
        },
        "down": {
          "uv": [
            14,
            8,
            15,
            9
          ],
          "texture": "#side"
        }
      }
    },
    {
      "from": [
        1,
        2,
        11
      ],
      "to": [
        3,
        4,
        12
      ],
      "rotation": {
        "angle": 0,
        "axis": "y",
        "origin": [
          10,
          8,
          10
        ]
      },
      "faces": {
        "north": {
          "uv": [
            13,
            12,
            15,
            14
          ],
          "texture": "#side"
        },
        "east": {
          "uv": [
            4,
            12,
            5,
            14
          ],
          "texture": "#side"
        },
        "south": {
          "uv": [
            7,
            7,
            9,
            9
          ],
          "texture": "#end"
        },
        "west": {
          "uv": [
            11,
            12,
            12,
            14
          ],
          "texture": "#side"
        },
        "up": {
          "uv": [
            1,
            11,
            3,
            12
          ],
          "texture": "#side"
        },
        "down": {
          "uv": [
            1,
            4,
            3,
            5
          ],
          "texture": "#side"
        }
      }
    },
    {
      "from": [
        7,
        2,
        4
      ],
      "to": [
        9,
        4,
        5
      ],
      "rotation": {
        "angle": 0,
        "axis": "y",
        "origin": [
          16,
          8,
          3
        ]
      },
      "faces": {
        "north": {
          "uv": [
            7,
            7,
            9,
            9
          ],
          "texture": "#end"
        },
        "east": {
          "uv": [
            11,
            12,
            12,
            14
          ],
          "texture": "#side"
        },
        "south": {
          "uv": [
            7,
            12,
            9,
            14
          ],
          "texture": "#side"
        },
        "west": {
          "uv": [
            4,
            12,
            5,
            14
          ],
          "texture": "#side"
        },
        "up": {
          "uv": [
            7,
            4,
            9,
            5
          ],
          "texture": "#side"
        },
        "down": {
          "uv": [
            7,
            11,
            9,
            12
          ],
          "texture": "#side"
        }
      }
    },
    {
      "from": [
        13,
        6,
        7
      ],
      "to": [
        15,
        7,
        9
      ],
      "rotation": {
        "angle": 0,
        "axis": "y",
        "origin": [
          22,
          8,
          6
        ]
      },
      "faces": {
        "north": {
          "uv": [
            1,
            9,
            3,
            10
          ],
          "texture": "#side"
        },
        "east": {
          "uv": [
            7,
            9,
            9,
            10
          ],
          "texture": "#side"
        },
        "south": {
          "uv": [
            13,
            9,
            15,
            10
          ],
          "texture": "#side"
        },
        "west": {
          "uv": [
            7,
            9,
            9,
            10
          ],
          "texture": "#side"
        },
        "up": {
          "uv": [
            7,
            7,
            9,
            9
          ],
          "texture": "#end"
        },
        "down": {
          "uv": [
            13,
            7,
            15,
            9
          ],
          "texture": "#side"
        }
      }
    }
  ]
}